;Наименование;Код
77;район Бирюлёво Восточное;606
78;район Бирюлёво Западное;607
79;район Братеево;608
80;Даниловский район;609
81;Донской район;610
82;район Зябликово;611
83;район Москворечье-Сабурово;612
84;район Нагатино-Садовники;613
85;район Нагатинский Затон;614
86;Нагорный район;615
87;район Орехово-Борисово Северное;616
88;район Орехово-Борисово Южное;617
89;район Царицыно;618
90;район Чертаново Северное;619
91;район Чертаново Центральное;620
92;район Чертаново Южное;621
