;Полное наименование;Сокращённое наименование;Код ОМК ТЕ
18;Кавказский бульвар;Кавказский бульв.;0618
44;Малая Калужская улица;М. Калужская ул.;0610
45;Малый Калужский переулок;М. Калужский пер.;0610
53;Канатчиковский проезд;Канатчиковский пр.;0610
54;Кантемировская улица;Кантемировская ул.;"0612;0618;0615"
86;Касимовская улица;Касимовская ул.;0606
88;Каспийская улица;Каспийская ул.;"0612;0618"
96;Каширский проезд;Каширский пр.;"0612;0613"
97;Каширское шоссе;Каширское ш.;"0612;0613;0616;0617"
113;Кировоградская улица;Кировоградская ул.;"0619;0620;0621"
114;Кировоградский проезд;Кировоградский пр.;"0621;0620"
115;улица Кирпичные Выемки;ул. Кирпичные Выемки;0621
126;Кленовый бульвар;Кленовый бульв.;0614
132;Ключевая улица;Ключевая ул.;0608
142;Кожевническая улица;Кожевническая ул.;"0103;0609"
143;улица Кожевнический Вражек;ул. Кожевнический Вражек;0609
146;1-й Кожевнический переулок;1-й Кожевнический пер.;0609
147;2-й Кожевнический переулок;2-й Кожевнический пер.;0609
148;4-й Кожевнический переулок;4-й Кожевнический пер.;0609
150;5-я Кожуховская улица;5-я Кожуховская ул.;"0515;0609"
153;1-й Кожуховский проезд;1-й Кожуховский пр.;0609
154;2-й Кожуховский проезд;2-й Кожуховский пр.;0609
164;Коллективный проезд;Коллективный пр.;0618
166;улица Колобашкина;ул. Колобашкина;0612
173;Коломенская улица;Коломенская ул.;0614
174;Коломенская набережная;Коломенская наб.;0614
175;Коломенский проезд;Коломенский пр.;0613
177;Коломенское шоссе;Коломенское ш.;0613
208;Конный переулок;Конный пер.;"0110;0610"
252;Котляковская улица;Котляковская ул.;0612
253;1-й Котляковский переулок;1-й Котляковский пер.;"0612;0618"
254;2-й Котляковский переулок;2-й Котляковский пер.;0612
255;Котляковский проезд;Котляковский пр.;0612
258;улица Кошкина;ул. Кошкина;0612
259;проезд Кошкина;пр. Кошкина;0606
320;улица Красного Маяка;ул. Красного Маяка;0620
335;Криворожская улица;Криворожская ул.;0615
336;Криворожский проезд;Криворожский пр.;0615
344;Крутицкая набережная;Крутицкая наб.;"0107;0609"
404;Кустанайская улица;Кустанайская ул.;0611
432;Лебедянская улица;Лебедянская ул.;0606
447;улица Ленинская Слобода;ул. Ленинская Слобода;0609
449;Ленинский проспект;Ленинский просп.;"0110;0610;0702;0706;0707;0709;0814;0817"
470;аллея Патриарха Алексия II;аллея Патриарха Алексия II;0616
471;улица Лестева;ул. Лестева;0609
473;Летниковская улица;Летниковская ул.;"0103;0609"
484;Липецкая улица;Липецкая ул.;0606
487;Лисичанская улица;Лисичанская ул.;"0606;0618"
500;улица Лобанова;ул. Лобанова;0609
515;Луганская улица;Луганская ул.;"0606;0618"
554;Люсиновская улица;Люсиновская ул.;"0103;0609"
584;Макеевская улица;Макеевская ул.;0618
633;улица Мастеркова;ул. Мастеркова;0609
650;улица Медиков;ул. Медиков;0618
652;Медынская улица;Медынская ул.;0607
657;Мелитопольская улица;Мелитопольская ул.;0607
681;улица Академика Миллионщикова;ул. Академика Миллионщикова;0613
708;Верхний Михайловский Поперечный проезд;Верх. Михайловский Поперечный пр.;0610
709;1-й Верхний Михайловский проезд;1-й Верх. Михайловский пр.;0610
710;2-й Верхний Михайловский проезд;2-й Верх. Михайловский пр.;0610
711;3-й Верхний Михайловский проезд;3-й Верх. Михайловский пр.;0610
712;4-й Верхний Михайловский проезд;4-й Верх. Михайловский пр.;0610
713;5-й Верхний Михайловский проезд;5-й Верх. Михайловский пр.;0610
714;1-й Нижний Михайловский проезд;1-й Нижн. Михайловский пр.;0609
718;Михневская улица;Михневская ул.;0606
719;Михневский проезд;Михневский пр.;0606
759;улица Москворечье;ул. Москворечье;0612
788;Мытная улица;Мытная ул.;"0103;0110;0609"
805;Нагатинская набережная;Нагатинская наб.;"0613;0614"
806;Нагатинская улица;Нагатинская ул.;0613
807;Нагатинский бульвар;Нагатинский бульв.;0613
808;1-й Нагатинский проезд;1-й Нагатинский пр.;0613
809;2-й Нагатинский проезд;2-й Нагатинский пр.;0613
810;3-й Нагатинский проезд;3-й Нагатинский пр.;0613
813;Нагорный проезд;Нагорный пр.;0615
834;Наташинская улица;Наташинская ул.;"0608;0612"
836;Нахимовский проспект;Нахимовский просп.;"0615;0701;0703;0705;0706;0710"
885;Никопольская улица;Никопольская ул.;0607
886;3-я Никопольская улица;3-я Никопольская ул.;0607
893;улица Новая Заря;ул. Новая Заря;0609
897;улица Новинки;ул. Новинки;0614
907;Новоданиловская набережная;Новоданиловская наб.;0610
908;Новоданиловский проезд;Новоданиловский пр.;0610
991;Новоцарицынское шоссе;Новоцарицынское ш.;"0606;0616;0618"
1054;улица Орджоникидзе;ул. Орджоникидзе;0610
1058;Ореховый проезд;Ореховый пр.;0611
1060;Ореховый бульвар;Ореховый бульв.;"0611;0616;0617"
1071;Ослябинский переулок;Ослябинский пер.;0609
1108;Павелецкая набережная;Павелецкая наб.;0609
1109;1-й Павелецкий проезд;1-й Павелецкий пр.;0609
1110;2-й Павелецкий проезд;2-й Павелецкий пр.;0609
1111;3-й Павелецкий проезд;3-й Павелецкий пр.;0609
1113;Павловская улица;Павловская ул.;0609
1114;1-й Павловский переулок;1-й Павловский пер.;0609
1115;2-й Павловский переулок;2-й Павловский пер.;0609
1116;3-й Павловский переулок;3-й Павловский пер.;0609
1155;Паромная улица;Паромная ул.;0608
1157;Партийный переулок;Партийный пер.;0609
1163;Педагогическая улица;Педагогическая ул.;0606
1184;Пересветов переулок;Пересветов пер.;0609
1211;улица Академика Петровского;ул. Академика Петровского;"0110;0610"
1268;1-й Подольский переулок;1-й Подольский пер.;0609
1270;Подольское шоссе;Подольское ш.;0609
1282;2-я Покровская улица;2-я Покровская ул.;0621
1377;Пролетарский проспект;Пролетарский просп.;"0612;0618"
1381;Промышленная улица;Промышленная ул.;0618
1389;Прохладная улица;Прохладная ул.;0606
1435;1-я Радиальная улица;1-я Радиальная ул.;0606
1436;3-я Радиальная улица;3-я Радиальная ул.;0606
1437;5-я Радиальная улица;5-я Радиальная ул.;0606
1438;6-я Радиальная улица;6-я Радиальная ул.;0606
1439;8-я Радиальная улица;8-я Радиальная ул.;0606
1440;9-я Радиальная улица;9-я Радиальная ул.;0606
1441;10-я Радиальная улица;10-я Радиальная ул.;0606
1442;11-я Радиальная улица;11-я Радиальная ул.;0606
1478;Ремесленная улица;Ремесленная ул.;0606
1482;улица Речников;ул. Речников;0614
1510;Россошанская улица;Россошанская ул.;0621
1511;Россошанский проезд;Россошанский пр.;0621
1521;2-я Рощинская улица;2-я Рощинская ул.;0609
1522;3-я Рощинская улица;3-я Рощинская ул.;0609
1523;1-й Рощинский проезд;1-й Рощинский пр.;"0609;0610"
1524;2-й Рощинский проезд;2-й Рощинский пр.;0610
1525;4-й Рощинский проезд;4-й Рощинский пр.;0609
1526;5-й Рощинский проезд;5-й Рощинский пр.;0609
1527;6-й Рощинский проезд;6-й Рощинский пр.;0609
1556;Ряжская улица;Ряжская ул.;0606
1580;улица Садовая Слобода;ул. Садовая Слобода;0614
1581;улица Садовники;ул. Садовники;0613
1585;Садово-Крестьянская улица;Садово-Крестьянская ул.;0616
1597;улица Сайкина;ул. Сайкина;"0515;0609"
1604;Самаринская улица;Самаринская ул.;0609
1605;2-я Самаринская улица;2-я Самаринская ул.;0609
1639;Севанская улица;Севанская ул.;0618
1641;Севастопольский проспект;Севастопольский просп.;"0610;0703;0704;0705;0710;0712"
1689;Большая Серпуховская улица;Б. Серпуховская ул.;"0103;0609"
1690;улица Серпуховский Вал;ул. Серпуховский Вал;0609
1692;площадь Серпуховская Застава;пл. Серпуховская Застава;0609
1712;Симоновская набережная;Симоновская наб.;0609
1713;улица Симоновский Вал;ул. Симоновский Вал;"0107;0515;0609"
1716;Симферопольский бульвар;Симферопольский бульв.;"0615;0703"
1717;Симферопольский проезд;Симферопольский пр.;0615
1787;Солнечная улица;Солнечная ул.;0618
1823;Спортивная улица;Спортивная ул.;0618
1840;Старобалаклавская улица;Старобалаклавская ул.;0615
1845;Большой Староданиловский переулок;Б. Староданиловский пер.;0609
1848;Старокаширское шоссе;Старокаширское ш.;0613
1862;Старопокровский проезд;Старопокровский пр.;0620
1872;улица Стасовой;ул. Стасовой;0610
1874;1-я Стекольная улица;1-я Стекольная ул.;0606
1904;Ступинский проезд;Ступинский пр.;0607
1905;Ступинская улица;Ступинская ул.;0607
1911;Судостроительная улица;Судостроительная ул.;0614
1914;Сумская улица;Сумская ул.;0619
1915;Сумской проезд;Сумской пр.;0619
1956;Тамбовская улица;Тамбовская ул.;0617
1962;Тарный проезд;Тарный пр.;0618
1969;улица Татищева;ул. Татищева;0609
2002;Тимуровская улица;Тимуровская ул.;0618
2022;Товарищеская улица;Товарищеская ул.;0618
2052;улица Трофимова;ул. Трофимова;"0515;0609"
2063;Большая Тульская улица;Б. Тульская ул.;"0609;0610"
2064;Малая Тульская улица;М. Тульская ул.;"0609;0610"
2065;1-й Тульский переулок;1-й Тульский пер.;0609
2066;2-й Тульский переулок;2-й Тульский пер.;0610
2087;улица Тюрина;ул. Тюрина;0606
2089;улица Тюфелева Роща;ул. Тюфелева Роща;0609
2171;Фруктовая улица;Фруктовая ул.;"0615;0703"
2183;Хавская улица;Хавская ул.;"0110;0609;0610"
2189;Харьковская улица;Харьковская ул.;0607
2190;Харьковский проезд;Харьковский пр.;0607
2204;Хлебозаводский проезд;Хлебозаводский пр.;0613
2218;Холодильный переулок;Холодильный пер.;0609
2221;Хордовый проезд;Хордовый пр.;0608
2298;Черноморский бульвар;Черноморский бульв.;"0615;0703"
2304;Чертановская улица;Чертановская ул.;"0619;0620;0621"
2325;Чонгарский бульвар;Чонгарский бульв.;"0615;0703"
2341;улица Шаболовка;ул. Шаболовка;"0110;0609;0610"
2362;улица Маршала Шестопалова;ул. Маршала Шестопалова;0613
2364;Шипиловский проезд;Шипиловский пр.;"0612;0616;0617;0606"
2365;Шипиловская улица;Шипиловская ул.;"0611;0616"
2396;улица Шухова;ул. Шухова;"0609;0610"
2407;1-й Щипковский переулок;1-й Щипковский пер.;"0103;0609"
2409;4-й Щипковский переулок;4-й Щипковский пер.;"0103;0609"
2417;Элеваторная улица;Элеваторная ул.;0606
2418;Элеваторный переулок;Элеваторный пер.;0606
2426;Электролитный проезд;Электролитный пр.;0615
2457;Ягодная улица;Ягодная ул.;0606
2463;Якорная улица;Якорная ул.;0614
2465;Ялтинская улица;Ялтинская ул.;0615
2471;улица Академика Янгеля;ул. Академика Янгеля;0621
2477;Ясеневая улица;Ясеневая ул.;0617
3771;улица Святослава Рихтера;ул. Святослава Рихтера;0612
3805;улица Академика Ласкорина;ул. Академика Ласкорина;0612
3806;Битцевский проезд;Битцевский пр.;0619
3847;18-й километр Московской Кольцевой Автодороги;18-й км МКАД;0608
3848;19-й километр Московской Кольцевой Автодороги;19-й км МКАД;0617
3849;20-й километр Московской Кольцевой Автодороги;20-й км МКАД;0617
3850;21-й километр Московской Кольцевой Автодороги;21-й км МКАД;0617
3851;22-й километр Московской Кольцевой Автодороги;22-й км МКАД;0617
3852;23-й километр Московской Кольцевой Автодороги;23-й км МКАД;0617
3853;24-й километр Московской Кольцевой Автодороги;24-й км МКАД;0617
3854;25-й километр Московской Кольцевой Автодороги;25-й км МКАД;0606
3855;26-й километр Московской Кольцевой Автодороги;26-й км МКАД;0606
3856;27-й километр Московской Кольцевой Автодороги;27-й км МКАД;0606
3857;28-й километр Московской Кольцевой Автодороги;28-й км МКАД;0606
3858;29-й километр Московской Кольцевой Автодороги;29-й км МКАД;0607
3859;30-й километр Московской Кольцевой Автодороги;30-й км МКАД;0607
3860;31-й километр Московской Кольцевой Автодороги;31-й км МКАД;0607
3861;32-й километр Московской Кольцевой Автодороги;32-й км МКАД;0607
3862;33-й километр Московской Кольцевой Автодороги;33-й км МКАД;0621
3939;Новоясеневский тупик;Новоясеневский туп.;"0621;0712"
3965;2-я Радиальная улица;2-я Радиальная ул.;0606
3973;Автозаводский мост;Автозаводский мост;"0609;0610"
3979;Бесединский мост;Бесединский мост;"0608;0505"
3981;Верхний Борисовский мост;Верх. Борисовский мост;"0616;0612"
3982;Нижний Борисовский мост;Нижн. Борисовский мост;"0616;0612"
4008;Нагатинский мост;Нагатинский мост;"0613;0609;0614"
4010;Новоспасский мост;Новоспасский мост;"0107;0103;0609"
4046;Автозаводская площадь;Автозаводская пл.;0609
4047;Автозаводская улица;Автозаводская ул.;0609
4048;1-й Автозаводский проезд;1-й Автозаводский пр.;0609
4049;2-й Автозаводский проезд;2-й Автозаводский пр.;0609
4050;3-й Автозаводский проезд;3-й Автозаводский пр.;0609
4065;Алма-Атинская улица;Алма-Атинская ул.;0608
4082;улица Павла Андреева;ул. Павла Андреева;"0103;0609"
4090;проспект Андропова;просп. Андропова;"0515;0609;0613;0614"
4098;Арбатецкая улица;Арбатецкая ул.;"0107;0609"
4109;Артековская улица;Артековская ул.;0615
4136;улица Баженова;ул. Баженова;0616
4143;Бакинская улица;Бакинская ул.;0618
4147;Балаклавский проспект;Балаклавский просп.;"0615;0619;0703"
4196;улица Генерала Белова;ул. Генерала Белова;"0616;0617"
4220;Бесединское шоссе;Бесединское ш.;"0608;0611"
4225;улица Бехтерева;ул. Бехтерева;0618
4230;Бирюлёвская улица;Бирюлёвская ул.;0606
4254;Болотниковская улица;Болотниковская ул.;"0615;0703;0710"
4256;Большая улица;Большая ул.;0614
4261;улица Борисовские Пруды;ул. Борисовские Пруды;"0608;0612"
4262;Борисовский проезд;Борисовский пр.;"0611;0616"
4282;Братеевская улица;Братеевская ул.;0608
4305;Булатниковская улица;Булатниковская ул.;0607
4306;Булатниковский проезд;Булатниковский пр.;0607
4317;Бутовская улица;Бутовская ул.;0606
4324;улица Вавилова;ул. Вавилова;"0610;0701;0702;0706"
4334;1-й Варшавский проезд;1-й Варшавский пр.;0612
4335;2-й Варшавский проезд;2-й Варшавский пр.;0612
4336;Варшавское шоссе;Варшавское ш.;"0610;0613;0615;0619;0620;0621;0708;0711;1115"
4350;Велозаводская улица;Велозаводская ул.;"0515;0609"
4370;Весёлая улица;Весёлая ул.;0618
4395;площадь Академика Вишневского;пл. Академика Вишневского;0615
4417;Воздушная улица;Воздушная ул.;"0606;0616"
4462;Воронежская улица;Воронежская ул.;0617
4472;Восточная улица;Восточная ул.;0609
4473;3-й Восточный переулок;3-й Восточный пер.;0609
4476;Востряковский проезд;Востряковский пр.;0607
4497;Высокая улица;Высокая ул.;0613
4512;площадь Гагарина;пл. Гагарина;"0610;0702"
4515;улица Газопровод;ул. Газопровод;0621
4519;Гамсоновский переулок;Гамсоновский пер.;0609
4585;Городская улица;Городская ул.;0609
4586;улица Городянка;ул. Городянка;"0611;0616"
4626;Гурьевский проезд;Гурьевский пр.;0617
4634;Дальний переулок;Дальний пер.;0610
4635;Даниловская набережная;Даниловская наб.;0609
4636;Даниловская площадь;Даниловская пл.;0609
4637;улица Даниловский Вал;ул. Даниловский Вал;0609
4638;Даниловский переулок;Даниловский пер.;0609
4669;Деловая улица;Деловая ул.;0618
4673;Дербеневская улица;Дербеневская ул.;0609
4674;Дербеневская набережная;Дербеневская наб.;0609
4675;1-й Дербеневский переулок;1-й Дербеневский пер.;0609
4676;2-й Дербеневский переулок;2-й Дербеневский пер.;0609
4677;3-й Дербеневский переулок;3-й Дербеневский пер.;0609
4682;улица Мусы Джалиля;ул. Мусы Джалиля;0611
4698;Днепропетровская улица;Днепропетровская ул.;"0619;0620"
4699;Днепропетровский проезд;Днепропетровский пр.;0620
4720;Дольская улица;Дольская ул.;"0616;0618"
4721;Домодедовская улица;Домодедовская ул.;"0616;0617"
4723;Донбасская улица;Донбасская ул.;0606
4726;Донская площадь;Донская пл.;0610
4727;Донская улица;Донская ул.;"0110;0610"
4729;1-й Донской проезд;1-й Донской пр.;0610
4730;2-й Донской проезд;2-й Донской пр.;0610
4731;3-й Донской проезд;3-й Донской пр.;0610
4732;4-й Донской проезд;4-й Донской пр.;0610
4733;5-й Донской проезд;5-й Донской пр.;0610
4740;Дорожная улица;Дорожная ул.;"0619;0620;0621"
4741;1-й Дорожный проезд;1-й Дорожный пр.;0620
4742;улица Подольских Курсантов;ул. Подольских Курсантов;"0607;0620;0621"
4743;3-й Дорожный проезд;3-й Дорожный пр.;0621
4755;Дубининская улица;Дубининская ул.;"0103;0609"
4767;Дуговая улица;Дуговая ул.;0606
4773;Духовской переулок;Духовской пер.;"0609;0610"
4776;1-я улица Дьяково-Городище;1-я ул. Дьяково-Городище;0614
4777;2-я улица Дьяково-Городище;2-я ул. Дьяково-Городище;0614
4781;Еготьевский тупик;Еготьевский туп.;0616
4788;Елецкая улица;Елецкая ул.;"0611;0617"
4795;Ереванская улица;Ереванская ул.;0618
4815;Железнодорожный проезд;Железнодорожный пр.;0609
4827;улица Жужа;ул. Жужа;0614
4828;Жуков проезд;Жуков пр.;"0103;0609"
4846;4-й Загородный проезд;4-й Загородный пр.;0610
4849;Загородное шоссе;Загородное ш.;0610
4851;Загорьевская улица;Загорьевская ул.;0606
4852;Загорьевский проезд;Загорьевский пр.;0606
4853;Задонский проезд;Задонский пр.;0611
4866;Затонная улица;Затонная ул.;0614
4867;улица Маршала Захарова;ул. Маршала Захарова;0616
5003;улица Бойчука;ул. Бойчука;0608
5006;набережная Марка Шагала;наб. Марка Шагала;0609
5007;улица Архитектора Гинзбурга;ул. Архитектора Гинзбурга;0609
5008;улица Архитектора Голосова;ул. Архитектора Голосова;0609
5009;улица Архитектора Щусева;ул. Архитектора Щусева;0609
5010;улица Архитектора Мельникова;ул. Архитектора Мельникова;0609
5011;бульвар Братьев Весниных;б-р Братьев Весниных;0609
5012;улица Архитектора Леонидова;ул. Архитектора Леонидова;0609
5013;улица Кандинского;ул. Кандинского;0609
5014;улица Родченко;ул. Родченко;0609
5015;улица Татлина;ул. Татлина;0609
5016;улица Лентулова;ул. Лентулова;0609
5017;улица Варвары Степановой;ул. Варвары Степановой;0609
5018;улица Льва Юдина;ул. Льва Юдина;0609
5019;улица Лисицкого;ул. Лисицкого;0609
5095;Корабельная улица;Корабельная ул.;0614
5118;улица Мустая Карима;ул. Мустая Карима;0609
5130;улица Петра Кончаловского;ул. Петра Кончаловского;0609
5131;улица Ильи Чашника;ул. Ильи Чашника;0609
5132;улица Суетина;ул. Суетина;0609
5133;улица Ларионова;ул. Ларионова;0609
5134;улица Александра Богомазова;ул. Александра Богомазова;0609
5135;проспект Лихачёва;пр-кт Лихачёва;0609
5137;бульвар Павла Филонова;б-р Павла Филонова;0609
5139;улица Роберта Фалька;ул. Роберта Фалька;0609
5141;Зиловский бульвар;Зиловский б-р;0609
5142;улица Братьев Рябушинских;ул. Братьев Рябушинских;0609
5174;улица Свержевского;ул. Свержевского;0610
5175;улица Братеевская Слободка;ул. Братеевская Слободка;0608
5176;улица Красный Луг;ул. Красный Луг;"0608;0611"
5201;Сабуровская улица;Сабуровская ул.;0612
5202;площадь Валерия Харламова;пл. Валерия Харламова;0609
5204;площадь Крестовниковых;пл. Крестовниковых;0606
5228;улица Эдуарда Стрельцова;ул. Эдуарда Стрельцова;0609
5229;улица Виктора Маслова;ул. Виктора Маслова;0609
5545;улица Маршала Батицкого;ул. Маршала Батицкого;0621
5571;улица Аршинова;ул. Аршинова;0618
5577;Шайдаровская улица;Шайдаровская ул.;0612
