"Name";"Kod";"Latin_name";"Type";"Kod_okato";"global_id";
"Наименование";"Код";"Транслитерация";"Код вида";"Код ОКАТО";"global_id";
"Центральный административный округ";"0100";"Czentral`ny'j administrativny'j okrug";"02";"45286000";"58703558";
"район Арбат";"0101";"rajon Arbat";"03";"45286552";"58703559";
"Басманный район";"0102";"Basmanny'j rajon";"03";"45286555";"58703560";
"район Замоскворечье";"0103";"rajon Zamoskvorech`e";"03";"45286560";"58703561";
"Красносельский район";"0104";"Krasnosel`skij rajon";"03";"45286565";"58703562";
"Мещанский район";"0105";"Meshhanskij rajon";"03";"45286570";"58703563";
"Пресненский район";"0106";"Presnenskij rajon";"03";"45286575";"58703564";
"Таганский район";"0107";"Taganskij rajon";"03";"45286580";"58703565";
"Тверской район";"0108";"Tverskoj rajon";"03";"45286585";"58703566";
"район Хамовники";"0109";"rajon Xamovniki";"03";"45286590";"58703567";
"район Якиманка";"0110";"rajon Yakimanka";"03";"45286596";"58703568";
"Северный административный округ";"0200";"Severny'j administrativny'j okrug";"02";"45277000";"58703569";
"район Аэропорт";"0201";"rajon Ae'roport";"03";"45277553";"58703570";
"район Беговой";"0202";"rajon Begovoj";"03";"45277556";"58703571";
"Бескудниковский район";"0203";"Beskudnikovskij rajon";"03";"45277559";"58703572";
"Войковский район";"0205";"Vojkovskij rajon";"03";"45277565";"58703573";
"район Восточное Дегунино";"0206";"rajon Vostochnoe Degunino";"03";"45277568";"58703574";
"Головинский район";"0207";"Golovinskij rajon";"03";"45277571";"58703575";
"Дмитровский район";"0208";"Dmitrovskij rajon";"03";"45277574";"58703576";
"район Западное Дегунино";"0209";"rajon Zapadnoe Degunino";"03";"45277577";"58703577";
"район Коптево";"0210";"rajon Koptevo";"03";"45277580";"58703578";
"район Левобережный";"0211";"rajon Levoberezhny'j";"03";"45277583";"58703579";
"Молжаниновский район";"0212";"Molzhaninovskij rajon";"03";"45277584";"58703580";
"Савёловский район";"0213";"Savyolovskij rajon";"03";"45277586";"58703581";
"район Сокол";"0214";"rajon Sokol";"03";"45277589";"58703582";
"Тимирязевский район";"0215";"Timiryazevskij rajon";"03";"45277592";"58703583";
"район Ховрино";"0216";"rajon Xovrino";"03";"45277595";"58703584";
"Хорошёвский район";"0217";"Xoroshyovskij rajon";"03";"45277598";"58703585";
"Северо-Восточный административный округ";"0300";"Severo-Vostochny'j administrativny'j okrug";"02";"45280000";"58703586";
"Алексеевский район";"0301";"Alekseevskij rajon";"03";"45280552";"58703587";
"Алтуфьевский район";"0302";"Altuf`evskij rajon";"03";"45280554";"58703588";
"Бабушкинский район";"0303";"Babushkinskij rajon";"03";"45280556";"58703589";
"район Бибирево";"0304";"rajon Bibirevo";"03";"45280558";"58703590";
"Бутырский район";"0305";"Buty'rskij rajon";"03";"45280561";"58703591";
"район Лианозово";"0306";"rajon Lianozovo";"03";"45280563";"58703592";
"Лосиноостровский район";"0307";"Losinoostrovskij rajon";"03";"45280565";"58703593";
"район Марфино";"0308";"rajon Marfino";"03";"45280567";"58703594";
"район Марьина Роща";"0309";"rajon Mar`ina Roshha";"03";"45280569";"58703595";
"Останкинский район";"0310";"Ostankinskij rajon";"03";"45280572";"58703596";
"район Отрадное";"0311";"rajon Otradnoe";"03";"45280574";"58703597";
"район Ростокино";"0312";"rajon Rostokino";"03";"45280577";"58703598";
"район Свиблово";"0313";"rajon Sviblovo";"03";"45280580";"58703599";
"район Северное Медведково";"0314";"rajon Severnoe Medvedkovo";"03";"45280583";"58703600";
"район Северный";"0315";"rajon Severny'j";"03";"45280585";"58703601";
"район Южное Медведково";"0316";"rajon Yuzhnoe Medvedkovo";"03";"45280594";"58703602";
"Ярославский район";"0317";"Yaroslavskij rajon";"03";"45280597";"58703603";
"Восточный административный округ";"0400";"Vostochny'j administrativny'j okrug";"02";"45263000";"58703604";
"район Богородское";"0403";"rajon Bogorodskoe";"03";"45263552";"58703605";
"район Вешняки";"0404";"rajon Veshnyaki";"03";"45263555";"58703606";
"район Восточное Измайлово";"0405";"rajon Vostochnoe Izmajlovo";"03";"45263558";"58703607";
"район Гольяново";"0406";"rajon Gol`yanovo";"03";"45263564";"58703608";
"район Ивановское";"0407";"rajon Ivanovskoe";"03";"45263567";"58703609";
"район Измайлово";"0408";"rajon Izmajlovo";"03";"45263570";"58703610";
"район Косино-Ухтомский";"0409";"rajon Kosino-Uxtomskij";"03";"45263573";"58703611";
"район Метрогородок";"0410";"rajon Metrogorodok";"03";"45263581";"58703612";
"район Новогиреево";"0411";"rajon Novogireevo";"03";"45263576";"58703613";
"район Новокосино";"0412";"rajon Novokosino";"03";"45263579";"58703614";
"район Перово";"0413";"rajon Perovo";"03";"45263583";"58703615";
"район Восточный";"0414";"rajon Vostochny'j";"03";"45263561";"58703616";
"район Преображенское";"0415";"rajon Preobrazhenskoe";"03";"45263594";"58703617";
"район Северное Измайлово";"0416";"rajon Severnoe Izmajlovo";"03";"45263585";"58703618";
"район Соколиная Гора";"0417";"rajon Sokolinaya Gora";"03";"45263588";"58703619";
"район Сокольники";"0418";"rajon Sokol`niki";"03";"45263591";"58703620";
"Юго-Восточный административный округ";"0500";"Yugo-Vostochny'j administrativny'j okrug";"02";"45290000";"58703621";
"район Выхино-Жулебино";"0504";"rajon Vy'xino-Zhulebino";"03";"45290554";"58703622";
"район Капотня";"0505";"rajon Kapotnya";"03";"45290558";"58703623";
"район Кузьминки";"0506";"rajon Kuz`minki";"03";"45290562";"58703624";
"район Лефортово";"0507";"rajon Lefortovo";"03";"45290564";"58703625";
"район Люблино";"0508";"rajon Lyublino";"03";"45290568";"58703626";
"район Марьино";"0509";"rajon Mar`ino";"03";"45290572";"58703627";
"Нижегородский район";"0510";"Nizhegorodskij rajon";"03";"45290578";"58703628";
"район Печатники";"0511";"rajon Pechatniki";"03";"45290582";"58703629";
"район Некрасовка";"0512";"rajon Nekrasovka";"03";"45290574";"58703630";
"Рязанский район";"0513";"Ryazanskij rajon";"03";"45290586";"58703631";
"район Текстильщики";"0514";"rajon Tekstil`shhiki";"03";"45290590";"58703632";
"Южнопортовый район";"0515";"Yuzhnoportovy'j rajon";"03";"45290594";"58703633";
"Южный административный округ";"0600";"Yuzhny'j administrativny'j okrug";"02";"45296000";"58703634";
"район Бирюлёво Восточное";"0606";"rajon Biryulyovo Vostochnoe";"03";"45296553";"58703635";
"район Бирюлёво Западное";"0607";"rajon Biryulyovo Zapadnoe";"03";"45296555";"58703636";
"район Братеево";"0608";"rajon Brateevo";"03";"45296557";"58703637";
"Даниловский район";"0609";"Danilovskij rajon";"03";"45296559";"58703638";
"Донской район";"0610";"Donskoj rajon";"03";"45296561";"58703639";
"район Зябликово";"0611";"rajon Zyablikovo";"03";"45296565";"58703640";
"район Москворечье-Сабурово";"0612";"rajon Moskvorech`e-Saburovo";"03";"45296569";"58703641";
"район Нагатино-Садовники";"0613";"rajon Nagatino-Sadovniki";"03";"45296571";"58703642";
"район Нагатинский Затон";"0614";"rajon Nagatinskij Zaton";"03";"45296573";"58703643";
"Нагорный район";"0615";"Nagorny'j rajon";"03";"45296575";"58703644";
"район Орехово-Борисово Северное";"0616";"rajon Orexovo-Borisovo Severnoe";"03";"45296577";"58703645";
"район Орехово-Борисово Южное";"0617";"rajon Orexovo-Borisovo Yuzhnoe";"03";"45296579";"58703646";
"район Царицыно";"0618";"rajon Czariczy'no";"03";"45296590";"58703647";
"район Чертаново Северное";"0619";"rajon Chertanovo Severnoe";"03";"45296593";"58703648";
"район Чертаново Центральное";"0620";"rajon Chertanovo Czentral`noe";"03";"45296595";"58703649";
"район Чертаново Южное";"0621";"rajon Chertanovo Yuzhnoe";"03";"45296597";"58703650";
"Юго-Западный административный округ";"0700";"Yugo-Zapadny'j administrativny'j okrug";"02";"45293000";"58703651";
"Академический район";"0701";"Akademicheskij rajon";"03";"45293554";"58703652";
"Гагаринский район";"0702";"Gagarinskij rajon";"03";"45293558";"58703653";
"район Зюзино";"0703";"rajon Zyuzino";"03";"45293562";"58703654";
"район Коньково";"0704";"rajon Kon`kovo";"03";"45293566";"58703655";
"район Котловка";"0705";"rajon Kotlovka";"03";"45293570";"58703656";
"Ломоносовский район";"0706";"Lomonosovskij rajon";"03";"45293574";"58703658";
"Обручевский район";"0707";"Obruchevskij rajon";"03";"45293578";"58703659";
"район Северное Бутово";"0708";"rajon Severnoe Butovo";"03";"45293582";"58703660";
"район Тёплый Стан";"0709";"rajon Tyoply'j Stan";"03";"45293586";"58703661";
"район Черёмушки";"0710";"rajon Cheryomushki";"03";"45293590";"58703662";
"район Южное Бутово";"0711";"rajon Yuzhnoe Butovo";"03";"45293594";"58703663";
"район Ясенево";"0712";"rajon Yasenevo";"03";"45293598";"58703664";
"Западный административный округ";"0800";"Zapadny'j administrativny'j okrug";"02";"45268000";"58703665";
"район Дорогомилово";"0805";"rajon Dorogomilovo";"03";"45268554";"58703666";
"район Крылатское";"0806";"rajon Kry'latskoe";"03";"45268560";"58703667";
"район Кунцево";"0807";"rajon Kunczevo";"03";"45268562";"58703668";
"Можайский район";"0809";"Mozhajskij rajon";"03";"45268569";"58703669";
"район Ново-Переделкино";"0811";"rajon Novo-Peredelkino";"03";"45268577";"58703670";
"район Проспект Вернадского";"0814";"rajon Prospekt Vernadskogo";"03";"45268581";"58703672";
"район Раменки";"0815";"rajon Ramenki";"03";"45268584";"58703673";
"район Солнцево";"0816";"rajon Solnczevo";"03";"45268588";"58703674";
"район Тропарёво-Никулино";"0817";"rajon Troparyovo-Nikulino";"03";"45268592";"58703675";
"район Филёвский Парк";"0818";"rajon Filyovskij Park";"03";"45268595";"58703676";
"район Фили-Давыдково";"0819";"rajon Fili-Davy'dkovo";"03";"45268597";"58703677";
"район Очаково-Матвеевское";"0820";"rajon Ochakovo-Matveevskoe";"03";"45268579";"58703678";
"Северо-Западный административный округ";"0900";"Severo-Zapadny'j administrativny'j okrug";"02";"45283000";"58703679";
"район Куркино";"0901";"rajon Kurkino";"03";"45283555";"58703680";
"район Митино";"0902";"rajon Mitino";"03";"45283559";"58703681";
"район Покровское-Стрешнево";"0903";"rajon Pokrovskoe-Streshnevo";"03";"45283569";"58703682";
"район Северное Тушино";"0904";"rajon Severnoe Tushino";"03";"45283573";"58703683";
"район Строгино";"0905";"rajon Strogino";"03";"45283577";"58703684";
"район Хорошёво-Мнёвники";"0906";"rajon Xoroshyovo-Mnyovniki";"03";"45283582";"58703685";
"район Щукино";"0907";"rajon Shhukino";"03";"45283587";"58703686";
"район Южное Тушино";"0908";"rajon Yuzhnoe Tushino";"03";"45283593";"58703687";
"Зеленоградский административный округ";"1000";"Zelenogradskij administrativny'j okrug";"02";"45272000";"58703688";
"район Крюково";"1005";"rajon Kryukovo";"03";"45272580";"58703689";
"район Матушкино";"1009";"rajon Matushkino";"03";"45272562";"58703690";
"район Савёлки";"1010";"rajon Savyolki";"03";"45272568";"58703691";
"район Силино";"1011";"rajon Silino";"03";"45272572";"58703692";
"район Старое Крюково";"1012";"rajon Staroe Kryukovo";"03";"45272576";"58703693";
"Новомосковский административный округ";"1100";"Novomoskovskij administrativny'j okrug";"02";"45297000";"58703694";
"Троицкий административный округ";"1200";"Troiczkij administrativny'j okrug";"02";"45298000";"58703706";
"район Внуково";"1112";"rajon Vnukovo";"03";"45297552";"2679465831";
"район Коммунарка";"1113";"rajon Kommunarka";"03";"45297555";"2679465840";
"Филимонковский район";"1114";"Filimonkovskij rajon";"03";"45297577";"2679465845";
"район Щербинка";"1115";"rajon Shherbinka";"03";"45297581";"2679465849";
"район Бекасово";"1211";"rajon Bekasovo";"03";"45298551";"2679465852";
"район Вороново";"1212";"rajon Voronovo";"03";"45298553";"2679465859";
"Краснопахорский район";"1213";"Krasnopaxorskij rajon";"03";"45298561";"2679465866";
"район Троицк";"1214";"rajon Troiczk";"03";"45298578";"2679465877";
