Okrug,Population
Бирюлево Восточное,155760
Бирюлево Западное,84910
Братеево,100282
Даниловский,104718
Донской,51202
Зябликово,133650
Москворечье-Сабурово,87843
Нагатино-Садовники,83794
Нагатинский затон,121411
Нагорный,76015
Орехово-Борисово Северное,124071
Орехово-Борисово Южное,146515
Царицыно,117967
Чертаново Северное,109627
Чертаново Центральное,111581
Чертаново Южное,156178